Battery_Percent,Time_Remaining,Battery_Condition,Maximum_Capacity,Process_Count,CPU_Usage,Total_Memory,Used_Memory,Cycle_Count,Charging,Low_Power_Mode,Process_Power,Process_State,Avg_CPU_Frequency,Avg_CPU_Residency,Avg_CPU_Idle,CPU_Power,GPU_Power,Avg_GPU_Frequency,Avg_GPU_Residency,Avg_GPU_idle
50.0,348.0,Normal,100.0,842.0,57.4,24.0,10.0,10.0,0.0,0.0,24.1,1.0,1587.7,1.02,98.981,20.0,0.0,338.0,0.13,99.87
50.0,739.0,Normal,100.0,833.0,58.2,24.0,10.91,10.0,0.0,0.0,222.4,3.0,2288.7,5.77,94.227,383.0,101.0,361.0,10.44,89.56
50.0,739.0,Normal,100.0,830.0,55.6,24.0,10.66,10.0,0.0,0.0,93.0,2.0,1959.2,3.97,96.029,446.0,173.0,393.0,14.54,85.46
50.0,729.0,Normal,100.0,830.0,56.7,24.0,10.65,10.0,0.0,0.0,35.0,1.0,2122.4,5.71,94.29,735.0,294.0,397.0,25.03,74.97
50.0,729.0,Normal,100.0,830.0,54.9,24.0,10.65,10.0,0.0,0.0,71.6,1.0,1967.6,9.72,90.277,1185.0,603.0,414.0,48.89,51.11
50.0,719.0,Normal,100.0,830.0,55.0,24.0,10.7,10.0,0.0,0.0,75.7,1.0,1916.3,6.55,93.452,444.0,250.0,380.0,23.0,77.0
50.0,719.0,Normal,100.0,830.0,56.4,24.0,10.63,10.0,0.0,0.0,47.9,2.0,2069.2,3.17,96.832,218.0,51.0,338.0,6.44,93.56
50.0,709.0,Normal,100.0,832.0,58.1,24.0,10.66,10.0,0.0,0.0,87.6,3.0,2464.8,7.82,92.178,1333.0,276.0,338.0,27.41,72.59
50.0,709.0,Normal,100.0,830.0,57.2,24.0,10.67,10.0,0.0,0.0,75.9,2.0,3468.5,27.88,72.11500000000001,10164.0,375.0,487.0,40.59,59.41
50.0,709.0,Normal,100.0,830.0,58.9,24.0,10.72,10.0,0.0,0.0,88.4,2.0,2817.1,8.34,91.656,2195.0,258.0,338.0,23.74,76.26
50.0,659.0,Normal,100.0,830.0,56.4,24.0,10.69,10.0,0.0,0.0,38.2,1.0,2319.3,7.0,93.00500000000002,1000.0,242.0,410.0,18.52,81.48
50.0,659.0,Normal,100.0,832.0,57.8,24.0,10.68,10.0,0.0,0.0,123.8,4.0,2248.1,9.63,90.368,1433.0,385.0,404.0,30.4,69.6
50.0,649.0,Normal,100.0,832.0,55.4,24.0,10.7,10.0,0.0,0.0,51.9,1.0,2117.0,6.94,93.063,666.0,222.0,399.0,18.61,81.39
50.0,649.0,Normal,100.0,838.0,55.6,24.0,10.88,10.0,0.0,0.0,212.3,3.0,2344.7,3.37,96.635,393.0,79.0,338.0,9.06,90.94
50.0,649.0,Normal,100.0,830.0,56.7,24.0,10.67,10.0,0.0,0.0,42.0,1.0,2131.2,5.03,94.973,467.0,175.0,364.0,17.63,82.37
50.0,639.0,Normal,100.0,832.0,57.5,24.0,10.75,10.0,0.0,0.0,49.9,2.0,2168.8,10.0,90.00000000000001,946.0,525.0,424.0,40.93,59.07
50.0,629.0,Normal,100.0,832.0,55.4,24.0,10.69,10.0,0.0,0.0,92.9,2.0,2086.1,7.82,92.18,712.0,300.0,400.0,25.05,74.95
50.0,629.0,Normal,100.0,817.0,57.0,24.0,10.32,10.0,0.0,0.0,74.7,1.0,2064.4,11.84,88.164,1493.0,665.0,423.0,50.46,49.54
50.0,619.0,Normal,100.0,817.0,55.7,24.0,10.29,10.0,0.0,0.0,32.8,1.0,2020.9,3.73,96.273,380.0,122.0,357.0,12.25,87.75
50.0,619.0,Normal,100.0,816.0,55.8,24.0,10.28,10.0,0.0,0.0,64.5,1.0,3327.2,27.28,72.724,8891.0,660.0,554.0,53.82,46.18
50.0,619.0,Normal,100.0,815.0,55.7,24.0,10.29,10.0,0.0,0.0,111.5,2.0,1981.9,8.33,91.672,849.0,456.0,407.0,37.15,62.85
50.0,609.0,Normal,100.0,815.0,60.3,24.0,10.33,10.0,0.0,0.0,93.0,2.0,2123.5,7.84,92.15600000000002,899.0,499.0,442.0,35.92,64.08
50.0,609.0,Normal,100.0,815.0,56.6,24.0,10.27,10.0,0.0,0.0,100.3,1.0,2117.4,7.02,92.984,693.0,408.0,393.0,34.79,65.21
50.0,559.0,Normal,100.0,815.0,55.9,24.0,10.3,10.0,0.0,0.0,73.7,2.0,2013.2,9.1,90.901,970.0,465.0,386.0,38.54,61.46
50.0,559.0,Normal,100.0,815.0,55.7,24.0,10.35,10.0,0.0,0.0,99.9,2.0,2085.7,5.29,94.712,491.0,13.0,338.0,2.13,97.87
50.0,559.0,Normal,100.0,823.0,55.4,24.0,10.56,10.0,0.0,0.0,225.8,3.0,2398.1,8.79,91.214,1167.0,237.0,359.0,23.18,76.82
50.0,559.0,Normal,100.0,816.0,56.8,24.0,10.58,10.0,0.0,0.0,124.0,2.0,2621.1,4.51,95.495,820.0,5.0,338.0,1.69,98.31
50.0,559.0,Normal,100.0,819.0,54.4,24.0,10.57,10.0,0.0,0.0,58.1,1.0,2578.4,4.44,95.561,781.0,9.0,338.0,4.19,95.81
50.0,559.0,Normal,100.0,815.0,56.3,24.0,10.4,10.0,0.0,0.0,159.3,3.0,3048.6,17.06,82.93800000000002,4201.0,276.0,338.0,26.5,73.5
50.0,549.0,Normal,100.0,818.0,55.2,24.0,10.63,10.0,0.0,0.0,63.3,2.0,2755.4,17.6,82.4,4383.0,293.0,384.0,39.78,60.22
50.0,549.0,Normal,100.0,815.0,58.3,24.0,10.4,10.0,0.0,0.0,194.9,2.0,3007.8,15.48,84.51699999999998,3307.0,152.0,355.0,14.19,85.81
50.0,549.0,Normal,100.0,818.0,55.1,24.0,10.63,10.0,0.0,0.0,57.5,1.0,3154.4,25.5,74.50399999999999,7816.0,298.0,384.0,38.71,61.29
50.0,549.0,Normal,100.0,818.0,60.0,24.0,10.53,10.0,0.0,0.0,209.5,2.0,3219.5,29.91,70.086,8650.0,18.0,338.0,3.91,96.09
50.0,549.0,Normal,100.0,818.0,66.0,24.0,10.61,10.0,0.0,0.0,125.2,2.0,3136.5,25.28,74.724,8147.0,57.0,411.0,22.98,77.02
50.0,549.0,Normal,100.0,819.0,60.0,24.0,10.79,10.0,0.0,0.0,171.7,3.0,2722.8,20.49,79.507,6161.0,38.0,338.0,16.84,83.16
50.0,549.0,Normal,100.0,816.0,66.8,24.0,10.55,10.0,0.0,0.0,170.5,2.0,3058.6,17.27,82.725,4563.0,9.0,338.0,2.45,97.55
50.0,549.0,Normal,100.0,818.0,57.4,24.0,10.63,10.0,0.0,0.0,28.4,2.0,3037.9,25.8,74.203,7529.0,45.0,338.0,19.46,80.54
50.0,549.0,Normal,100.0,818.0,70.8,24.0,10.56,10.0,0.0,0.0,138.3,2.0,3099.8,24.57,75.42800000000001,7657.0,50.0,338.0,18.22,81.78
50.0,549.0,Normal,100.0,818.0,58.3,24.0,10.54,10.0,0.0,0.0,139.8,2.0,2673.3,20.6,79.405,6016.0,45.0,338.0,20.92,79.08
49.0,529.0,Normal,100.0,815.0,65.0,24.0,10.41,10.0,0.0,0.0,125.9,2.0,2949.3,16.82,83.179,3652.0,8.0,338.0,2.09,97.91
49.0,529.0,Normal,100.0,818.0,56.2,24.0,10.64,10.0,0.0,0.0,32.3,2.0,2900.3,29.48,70.51700000000001,6669.0,50.0,341.0,21.45,78.55
49.0,529.0,Normal,100.0,818.0,64.1,24.0,10.63,10.0,0.0,0.0,246.9,4.0,2643.1,21.34,78.66300000000001,4890.0,10.0,338.0,2.71,97.29
49.0,529.0,Normal,100.0,817.0,58.2,24.0,10.94,10.0,0.0,0.0,139.7,1.0,3036.9,17.56,82.44300000000001,5034.0,10.0,338.0,2.64,97.36
49.0,529.0,Normal,100.0,818.0,56.4,24.0,10.83,10.0,0.0,0.0,29.5,1.0,2934.2,20.88,79.11600000000001,6302.0,47.0,338.0,18.38,81.62
49.0,529.0,Normal,100.0,819.0,60.7,24.0,10.96,10.0,0.0,0.0,122.6,3.0,3058.5,21.32,78.678,6368.0,49.0,338.0,19.18,80.82
49.0,529.0,Normal,100.0,815.0,60.6,24.0,11.01,10.0,0.0,0.0,102.5,3.0,3245.9,27.57,72.428,8352.0,41.0,338.0,16.78,83.22
49.0,529.0,Normal,100.0,814.0,61.4,24.0,10.71,10.0,0.0,0.0,129.8,1.0,2851.8,15.05,84.946,4710.0,45.0,338.0,17.42,82.58
49.0,529.0,Normal,100.0,817.0,55.7,24.0,10.92,10.0,0.0,0.0,50.5,2.0,2781.0,19.39,80.614,6188.0,67.0,392.0,26.06,73.94
49.0,529.0,Normal,100.0,811.0,68.6,24.0,10.86,10.0,0.0,0.0,132.4,2.0,3291.6,23.18,76.821,6828.0,9.0,338.0,2.19,97.81
49.0,529.0,Normal,100.0,819.0,58.1,24.0,10.87,10.0,0.0,0.0,273.2,1.0,2832.4,14.24,85.756,4613.0,46.0,338.0,17.42,82.58
49.0,529.0,Normal,100.0,822.0,55.2,24.0,10.87,10.0,0.0,0.0,34.1,1.0,2786.8,16.37,83.63199999999999,5329.0,62.0,338.0,24.13,75.87
49.0,519.0,Normal,100.0,815.0,59.9,24.0,10.62,10.0,0.0,0.0,132.3,2.0,3266.3,11.6,88.40100000000001,3355.0,9.0,338.0,2.09,97.91
49.0,519.0,Normal,100.0,818.0,56.7,24.0,10.82,10.0,0.0,0.0,27.1,1.0,2882.4,13.1,86.90299999999999,3851.0,52.0,348.0,21.51,78.49
49.0,519.0,Normal,100.0,815.0,64.6,24.0,10.56,10.0,0.0,0.0,134.5,2.0,3186.1,15.51,84.486,4748.0,9.0,338.0,2.2,97.8
49.0,519.0,Normal,100.0,818.0,60.8,24.0,10.65,10.0,0.0,0.0,102.7,2.0,2701.3,7.23,92.771,2530.0,42.0,342.0,16.55,83.45
49.0,519.0,Normal,100.0,821.0,57.6,24.0,10.92,10.0,0.0,0.0,27.4,1.0,2899.4,16.03,83.97,5504.0,88.0,340.0,36.48,63.52
49.0,519.0,Normal,100.0,816.0,62.9,24.0,10.82,10.0,0.0,0.0,130.2,1.0,1943.9,2.7,97.303,63.0,4.0,338.0,1.89,98.11
49.0,519.0,Normal,100.0,810.0,56.4,24.0,10.71,10.0,0.0,0.0,286.6,1.0,2550.7,3.63,96.367,818.0,2.0,338.0,0.94,99.06
49.0,519.0,Normal,100.0,814.0,54.8,24.0,10.75,10.0,0.0,0.0,27.3,1.0,2559.1,4.96,95.038,1512.0,31.0,338.0,14.6,85.4
49.0,519.0,Normal,100.0,810.0,58.0,24.0,10.61,10.0,0.0,0.0,133.7,2.0,3263.1,11.54,88.46099999999998,2660.0,8.0,338.0,2.2,97.8
49.0,519.0,Normal,100.0,813.0,55.9,24.0,10.8,10.0,0.0,0.0,63.7,1.0,2917.5,13.84,86.157,4174.0,55.0,445.0,21.29,78.71
49.0,509.0,Normal,100.0,810.0,56.5,24.0,10.59,10.0,0.0,0.0,99.5,3.0,2678.8,13.35,86.65099999999998,2600.0,80.0,338.0,10.46,89.54
49.0,509.0,Normal,100.0,813.0,57.6,24.0,10.83,10.0,0.0,0.0,92.2,1.0,2778.9,14.89,85.10900000000001,4110.0,108.0,338.0,27.54,72.46
49.0,509.0,Normal,100.0,811.0,60.9,24.0,10.89,10.0,0.0,0.0,46.9,1.0,2397.5,1.24,98.756,31.0,1.0,338.0,0.44,99.56
49.0,509.0,Normal,100.0,816.0,74.6,24.0,10.74,10.0,0.0,0.0,34.3,2.0,3287.2,10.69,89.31300000000002,3317.0,3.0,338.0,0.99,99.01
49.0,509.0,Normal,100.0,819.0,66.6,24.0,10.73,10.0,0.0,0.0,32.9,2.0,3272.3,10.89,89.111,3333.0,3.0,338.0,1.15,98.85
49.0,509.0,Normal,100.0,821.0,55.0,24.0,10.84,10.0,0.0,0.0,32.2,1.0,3314.7,16.79,83.21,6128.0,58.0,553.0,19.43,80.57
49.0,509.0,Normal,100.0,820.0,63.9,24.0,11.1,10.0,0.0,0.0,42.5,1.0,2559.1,5.57,94.428,2079.0,41.0,338.0,20.13,79.87
49.0,509.0,Normal,100.0,816.0,78.9,24.0,10.72,10.0,0.0,0.0,19.8,2.0,3364.0,9.98,90.023,3230.0,2.0,338.0,0.77,99.23
49.0,509.0,Normal,100.0,817.0,66.8,24.0,10.65,10.0,0.0,0.0,15.9,1.0,3364.5,10.02,89.981,3219.0,2.0,338.0,0.77,99.23
49.0,503.0,Normal,100.0,816.0,55.2,24.0,10.83,10.0,0.0,0.0,17.5,1.0,3377.5,16.15,83.85499999999999,5791.0,53.0,601.0,16.53,83.47
49.0,503.0,Normal,100.0,815.0,65.4,24.0,11.12,10.0,0.0,0.0,30.1,1.0,2501.6,5.52,94.483,2091.0,39.0,338.0,19.87,80.13
49.0,503.0,Normal,100.0,811.0,77.4,24.0,10.66,10.0,0.0,0.0,22.2,1.0,3398.9,9.83,90.174,3322.0,1.0,338.0,0.63,99.37
49.0,503.0,Normal,100.0,814.0,67.2,24.0,10.61,10.0,0.0,0.0,16.2,1.0,3396.5,10.1,89.901,3414.0,2.0,338.0,0.84,99.16
49.0,503.0,Normal,100.0,816.0,55.6,24.0,10.75,10.0,0.0,0.0,14.5,1.0,3381.7,15.92,84.08,5823.0,53.0,577.0,17.84,82.16
49.0,503.0,Normal,100.0,815.0,64.3,24.0,11.04,10.0,0.0,0.0,27.5,1.0,2579.3,5.33,94.671,2165.0,37.0,338.0,19.55,80.45
49.0,503.0,Normal,100.0,811.0,78.9,24.0,10.65,10.0,0.0,0.0,18.0,1.0,3439.8,9.6,90.397,3250.0,2.0,338.0,0.53,99.47
49.0,503.0,Normal,100.0,814.0,66.7,24.0,10.6,10.0,0.0,0.0,12.4,1.0,3421.5,9.79,90.205,3259.0,2.0,338.0,0.63,99.37
49.0,503.0,Normal,100.0,816.0,54.0,24.0,10.76,10.0,0.0,0.0,13.2,1.0,3408.5,16.01,83.992,5938.0,49.0,435.0,18.63,81.37
49.0,503.0,Normal,100.0,816.0,65.0,24.0,11.21,10.0,0.0,0.0,25.9,1.0,2612.8,5.4,94.599,2178.0,37.0,338.0,19.6,80.4
49.0,453.0,Normal,100.0,811.0,78.9,24.0,10.69,10.0,0.0,0.0,17.7,1.0,3260.7,11.18,88.82300000000001,3413.0,9.0,338.0,1.9,98.1
49.0,453.0,Normal,100.0,814.0,66.4,24.0,10.64,10.0,0.0,0.0,12.4,1.0,3256.5,11.47,88.53299999999999,3511.0,9.0,338.0,2.12,97.88
49.0,453.0,Normal,100.0,816.0,55.5,24.0,10.82,10.0,0.0,0.0,24.6,1.0,3389.2,16.27,83.73400000000001,6186.0,53.0,446.0,20.71,79.29
49.0,453.0,Normal,100.0,821.0,63.6,24.0,11.19,10.0,0.0,0.0,26.5,1.0,2595.0,5.3,94.697,2199.0,38.0,338.0,19.8,80.2
49.0,453.0,Normal,100.0,816.0,76.7,24.0,10.73,10.0,0.0,0.0,17.5,1.0,3323.3,10.29,89.714,3228.0,3.0,338.0,0.84,99.16
0.84,99.16,,,,,,,,,,,,,,,,,,,
49.0,453.0,Normal,100.0,821.0,55.6,24.0,10.78,10.0,0.0,0.0,39.0,1.0,3409.9,15.94,84.058,5968.0,56.0,561.0,19.25,80.75
49.0,453.0,Normal,100.0,821.0,64.7,24.0,11.18,10.0,0.0,0.0,25.2,3.0,2680.7,5.37,94.627,2208.0,37.0,338.0,19.56,80.44
49.0,456.0,Normal,100.0,812.0,79.1,24.0,10.59,10.0,0.0,0.0,16.0,1.0,3368.9,9.81,90.194,3243.0,1.0,338.0,0.67,99.33
49.0,456.0,Normal,100.0,815.0,67.5,24.0,10.67,10.0,0.0,0.0,11.5,1.0,3364.0,9.96,90.04400000000001,3265.0,2.0,338.0,0.89,99.11
49.0,456.0,Normal,100.0,817.0,56.1,24.0,10.76,10.0,0.0,0.0,14.0,1.0,3325.1,16.66,83.345,5967.0,50.0,446.0,18.8,81.2
49.0,456.0,Normal,100.0,817.0,64.2,24.0,11.16,10.0,0.0,0.0,40.2,1.0,2620.7,5.07,94.932,2209.0,38.0,338.0,19.88,80.12
49.0,456.0,Normal,100.0,811.0,76.9,24.0,10.65,10.0,0.0,0.0,20.8,1.0,3410.6,9.73,90.271,3240.0,1.0,338.0,0.71,99.29
49.0,456.0,Normal,100.0,814.0,67.8,24.0,10.6,10.0,0.0,0.0,16.5,1.0,3410.0,9.75,90.254,3241.0,2.0,338.0,0.81,99.19
49.0,456.0,Normal,100.0,816.0,54.5,24.0,10.76,10.0,0.0,0.0,12.4,1.0,3396.7,16.29,83.713,5998.0,54.0,571.0,17.83,82.17
49.0,456.0,Normal,100.0,816.0,64.5,24.0,11.07,10.0,0.0,0.0,24.7,1.0,2545.9,6.48,93.515,2316.0,38.0,338.0,19.76,80.24
49.0,456.0,Normal,100.0,813.0,78.6,24.0,10.64,10.0,0.0,0.0,16.0,2.0,3311.0,11.03,88.97099999999999,3001.0,1.0,338.0,0.58,99.42
49.0,456.0,Normal,100.0,816.0,67.3,24.0,10.62,10.0,0.0,0.0,11.0,1.0,3292.3,11.35,88.647,3064.0,1.0,338.0,0.69,99.31
49.0,456.0,Normal,100.0,818.0,59.1,24.0,10.83,10.0,0.0,0.0,22.8,1.0,3259.5,17.99,82.008,6146.0,56.0,569.0,19.06,80.94
49.0,446.0,Normal,100.0,818.0,64.3,24.0,11.18,10.0,0.0,0.0,25.5,1.0,2722.8,8.25,91.753,2403.0,45.0,338.0,22.43,77.57
48.0,436.0,Normal,100.0,812.0,56.2,24.0,10.6,10.0,0.0,0.0,17.2,1.0,3454.7,18.95,81.047,6006.0,7.0,338.0,1.44,98.56
48.0,436.0,Normal,100.0,821.0,80.7,24.0,10.79,10.0,0.0,0.0,16.8,1.0,3230.6,18.01,81.988,5976.0,121.0,408.0,25.08,74.92
48.0,436.0,Normal,100.0,824.0,65.0,24.0,10.76,10.0,0.0,0.0,11.6,1.0,3229.9,18.54,81.46499999999999,6114.0,122.0,408.0,25.43,74.57
48.0,436.0,Normal,100.0,826.0,56.6,24.0,10.89,10.0,0.0,0.0,57.1,3.0,3241.4,25.96,74.03899999999999,8962.0,428.0,665.0,50.71,49.29
48.0,436.0,Normal,100.0,823.0,65.0,24.0,11.2,10.0,0.0,0.0,82.8,3.0,2579.5,18.81,81.193,3658.0,206.0,471.0,32.25,67.75
48.0,436.0,Normal,100.0,819.0,75.8,24.0,10.74,10.0,0.0,0.0,61.5,1.0,3114.6,17.95,82.046,5028.0,291.0,338.0,26.27,73.73
48.0,436.0,Normal,100.0,820.0,67.0,24.0,10.74,10.0,0.0,0.0,54.6,2.0,3116.2,18.08,81.923,5040.0,290.0,338.0,26.52,73.48
48.0,436.0,Normal,100.0,824.0,55.0,24.0,10.82,10.0,0.0,0.0,91.4,1.0,3233.4,21.34,78.66299999999998,6969.0,433.0,839.0,33.55,66.45
48.0,436.0,Normal,100.0,824.0,64.9,24.0,11.16,10.0,0.0,0.0,71.3,2.0,2776.7,14.86,85.143,5559.0,299.0,390.0,40.66,59.34
48.0,426.0,Normal,100.0,814.0,80.0,24.0,10.75,10.0,0.0,0.0,89.3,2.0,3057.8,17.27,82.727,4119.0,244.0,338.0,22.76,77.24
48.0,426.0,Normal,100.0,815.0,68.8,24.0,10.76,10.0,0.0,0.0,83.5,3.0,3072.1,17.73,82.269,4266.0,253.0,338.0,23.75,76.25
48.0,426.0,Normal,100.0,819.0,59.1,24.0,10.82,10.0,0.0,0.0,89.8,1.0,3286.1,24.57,75.429,8521.0,411.0,414.0,44.73,55.27
48.0,426.0,Normal,100.0,819.0,64.2,24.0,11.13,10.0,0.0,0.0,95.0,1.0,2720.8,12.11,87.886,3752.0,181.0,339.0,32.67,67.33
48.0,426.0,Normal,100.0,814.0,77.2,24.0,10.7,10.0,0.0,0.0,67.6,2.0,3148.4,19.71,80.29499999999999,5580.0,315.0,338.0,29.2,70.8
48.0,426.0,Normal,100.0,815.0,67.2,24.0,10.67,10.0,0.0,0.0,64.4,1.0,3156.3,19.96,80.03600000000002,5729.0,323.0,338.0,29.74,70.26
48.0,426.0,Normal,100.0,818.0,58.6,24.0,10.76,10.0,0.0,0.0,87.6,2.0,3259.4,25.56,74.44300000000001,8706.0,647.0,781.0,41.37,58.63
48.0,426.0,Normal,100.0,818.0,62.0,24.0,11.05,10.0,0.0,0.0,128.8,2.0,2736.2,11.98,88.02099999999999,3860.0,563.0,803.0,33.63,66.37
48.0,426.0,Normal,100.0,813.0,78.4,24.0,10.7,10.0,0.0,0.0,43.9,1.0,3180.4,16.07,83.927,4829.0,132.0,338.0,14.5,85.5
48.0,426.0,Normal,100.0,814.0,65.2,24.0,10.71,10.0,0.0,0.0,33.9,1.0,3186.3,16.38,83.61699999999999,4940.0,141.0,338.0,15.39,84.61
48.0,426.0,Normal,100.0,818.0,56.5,24.0,10.72,10.0,0.0,0.0,62.2,2.0,3290.3,25.07,74.929,8526.0,381.0,449.0,41.81,58.19
48.0,416.0,Normal,100.0,818.0,62.3,24.0,11.11,10.0,0.0,0.0,73.1,3.0,2600.1,13.82,86.182,3536.0,363.0,387.0,43.02,56.98
48.0,416.0,Normal,100.0,817.0,83.8,24.0,10.64,10.0,0.0,0.0,89.5,3.0,3102.6,17.07,82.933,4883.0,248.0,338.0,22.84,77.16
48.0,416.0,Normal,100.0,820.0,66.8,24.0,10.66,10.0,0.0,0.0,97.7,2.0,3115.4,17.79,82.205,5131.0,264.0,338.0,24.28,75.72
48.0,416.0,Normal,100.0,822.0,54.3,24.0,10.76,10.0,0.0,0.0,85.4,2.0,3283.8,22.03,77.974,7908.0,282.0,497.0,37.48,62.52
48.0,416.0,Normal,100.0,822.0,64.5,24.0,11.05,10.0,0.0,0.0,36.2,1.0,2635.4,13.41,86.59,4228.0,401.0,527.0,42.2,57.8
47.0,406.0,Normal,100.0,817.0,77.7,24.0,10.64,10.0,0.0,0.0,113.9,1.0,3180.1,16.74,83.25800000000001,4790.0,251.0,338.0,22.82,77.18
47.0,406.0,Normal,100.0,820.0,67.5,24.0,10.66,10.0,0.0,0.0,115.3,1.0,3176.4,16.77,83.22500000000001,4851.0,240.0,338.0,22.21,77.79
47.0,406.0,Normal,100.0,822.0,57.5,24.0,10.71,10.0,0.0,0.0,88.2,1.0,3374.8,18.9,81.102,6986.0,319.0,1109.0,23.44,76.56
47.0,406.0,Normal,100.0,822.0,65.3,24.0,11.09,10.0,0.0,0.0,69.9,2.0,2698.0,9.53,90.467,3537.0,140.0,453.0,28.22,71.78
47.0,406.0,Normal,100.0,813.0,67.2,24.0,10.57,10.0,0.0,0.0,94.8,1.0,3100.4,16.99,83.008,4581.0,223.0,338.0,21.45,78.55
47.0,406.0,Normal,100.0,817.0,58.2,24.0,10.69,10.0,0.0,0.0,104.3,1.0,3240.8,22.51,77.487,7538.0,281.0,515.0,34.2,65.8
47.0,406.0,Normal,100.0,817.0,66.1,24.0,11.0,10.0,0.0,0.0,69.8,1.0,2795.4,11.66,88.33500000000001,3817.0,248.0,432.0,34.84,65.16
47.0,406.0,Normal,100.0,812.0,78.0,24.0,10.57,10.0,0.0,0.0,91.1,1.0,3082.8,17.6,82.402,4680.0,308.0,338.0,27.81,72.19
79.0,513.0,Normal,100.0,856.0,68.5,24.0,11.79,10.0,0.0,0.0,60.8,2.0,1805.8,5.53,94.467,344.0,117.0,338.0,12.03,87.97
79.0,513.0,Normal,100.0,854.0,56.0,24.0,11.68,10.0,0.0,0.0,84.1,1.0,1964.3,10.85,89.15,854.0,321.0,338.0,30.74,69.26
79.0,523.0,Normal,100.0,857.0,70.4,24.0,11.85,10.0,0.0,0.0,65.2,1.0,1960.4,10.94,89.05799999999999,1279.0,755.0,401.0,62.14,37.86
79.0,523.0,Normal,100.0,855.0,59.0,24.0,11.81,10.0,0.0,0.0,104.0,2.0,2050.3,14.13,85.872,1189.0,900.0,455.0,64.42,35.58
79.0,523.0,Normal,100.0,824.0,66.3,24.0,11.52,10.0,0.0,0.0,113.1,1.0,1973.7,10.35,89.64900000000002,1302.0,715.0,424.0,53.79,46.21
79.0,523.0,Normal,100.0,826.0,66.7,24.0,11.52,10.0,0.0,0.0,107.2,2.0,1991.8,10.42,89.577,1264.0,713.0,426.0,53.52,46.48
79.0,523.0,Normal,100.0,823.0,57.7,24.0,11.33,10.0,0.0,0.0,43.9,2.0,1906.2,10.82,89.175,1203.0,763.0,476.0,48.49,51.51
79.0,523.0,Normal,100.0,820.0,68.2,24.0,11.47,10.0,0.0,0.0,39.0,1.0,2333.3,4.98,95.021,207.0,124.0,341.0,13.38,86.62
79.0,523.0,Normal,100.0,821.0,68.5,24.0,11.48,10.0,0.0,0.0,33.4,1.0,2013.5,4.99,95.012,161.0,123.0,343.0,13.27,86.73
79.0,533.0,Normal,100.0,822.0,56.1,24.0,11.31,10.0,0.0,0.0,82.2,1.0,2180.3,8.36,91.642,477.0,390.0,346.0,36.83,63.17
79.0,533.0,Normal,100.0,822.0,66.4,24.0,11.47,10.0,0.0,0.0,115.4,1.0,1934.6,10.79,89.208,1394.0,717.0,432.0,50.59,49.41
79.0,533.0,Normal,100.0,824.0,66.9,24.0,11.47,10.0,0.0,0.0,117.3,2.0,1897.9,10.71,89.286,1304.0,706.0,431.0,50.23,49.77
79.0,533.0,Normal,100.0,821.0,56.8,24.0,11.33,10.0,0.0,0.0,85.7,1.0,2094.0,9.59,90.414,1299.0,599.0,441.0,41.19,58.81
79.0,533.0,Normal,100.0,818.0,65.9,24.0,11.47,10.0,0.0,0.0,106.8,3.0,1985.6,9.19,90.811,988.0,525.0,439.0,37.91,62.09
79.0,533.0,Normal,100.0,817.0,57.8,24.0,11.33,10.0,0.0,0.0,112.2,1.0,2062.8,6.68,93.325,871.0,306.0,456.0,21.48,78.52
79.0,527.0,Normal,100.0,818.0,70.1,24.0,11.51,10.0,0.0,0.0,98.8,1.0,2220.7,7.72,92.279,881.0,297.0,380.0,25.37,74.63
79.0,527.0,Normal,100.0,819.0,69.0,24.0,11.51,10.0,0.0,0.0,82.0,1.0,2188.1,7.79,92.21,801.0,301.0,379.0,25.84,74.16
79.0,527.0,Normal,100.0,818.0,56.0,24.0,11.34,10.0,0.0,0.0,117.5,2.0,2239.1,10.81,89.192,1020.0,610.0,412.0,45.62,54.38
78.0,537.0,Normal,100.0,822.0,66.7,24.0,11.49,10.0,0.0,0.0,69.6,3.0,2211.4,8.04,91.962,863.0,516.0,479.0,32.15,67.85
78.0,537.0,Normal,100.0,821.0,56.9,24.0,11.36,10.0,0.0,0.0,96.1,1.0,2014.2,9.6,90.402,1264.0,662.0,443.0,45.91,54.09
78.0,537.0,Normal,100.0,822.0,66.1,24.0,11.51,10.0,0.0,0.0,67.7,1.0,2134.4,6.39,93.613,633.0,317.0,432.0,22.63,77.37
78.0,537.0,Normal,100.0,823.0,55.9,24.0,11.37,10.0,0.0,0.0,83.5,2.0,2243.2,10.88,89.125,1013.0,507.0,411.0,39.86,60.14
78.0,537.0,Normal,100.0,820.0,64.4,24.0,11.49,10.0,0.0,0.0,109.2,1.0,2231.1,9.35,90.648,974.0,258.0,365.0,23.31,76.69
78.0,547.0,Normal,100.0,820.0,57.8,24.0,11.41,10.0,0.0,0.0,83.1,1.0,2325.8,14.84,85.16399999999999,1750.0,589.0,399.0,46.87,53.13
78.0,547.0,Normal,100.0,821.0,67.0,24.0,11.53,10.0,0.0,0.0,94.0,2.0,2239.1,11.02,88.977,1320.0,649.0,461.0,44.32,55.68
78.0,547.0,Normal,100.0,822.0,67.1,24.0,11.58,10.0,0.0,0.0,93.0,2.0,2184.2,10.95,89.04999999999998,1278.0,644.0,462.0,44.01,55.99
78.0,547.0,Normal,100.0,819.0,56.5,24.0,11.43,10.0,0.0,0.0,105.7,2.0,2283.1,8.43,91.57000000000002,1388.0,441.0,482.0,27.4,72.6
78.0,547.0,Normal,100.0,818.0,70.1,24.0,11.48,10.0,0.0,0.0,88.7,2.0,2055.7,8.85,91.155,927.0,388.0,389.0,33.85,66.15
78.0,547.0,Normal,100.0,819.0,68.7,24.0,11.49,10.0,0.0,0.0,87.7,1.0,2030.4,8.86,91.136,864.0,382.0,389.0,33.68,66.32
78.0,547.0,Normal,100.0,817.0,56.3,24.0,11.32,10.0,0.0,0.0,55.7,2.0,1879.4,3.64,96.364,224.0,78.0,380.0,6.35,93.65
78.0,557.0,Normal,100.0,823.0,66.6,24.0,11.48,10.0,0.0,0.0,87.2,1.0,2158.7,8.74,91.258,996.0,507.0,448.0,34.97,65.03
78.0,557.0,Normal,100.0,822.0,57.5,24.0,11.37,10.0,0.0,0.0,94.4,1.0,2326.6,8.95,91.052,693.0,397.0,389.0,35.85,64.15
78.0,557.0,Normal,100.0,825.0,64.4,24.0,11.51,10.0,0.0,0.0,67.7,2.0,2173.7,9.52,90.476,1303.0,602.0,495.0,36.21,63.79
78.0,557.0,Normal,100.0,817.0,56.8,24.0,11.35,10.0,0.0,0.0,94.1,1.0,2125.9,7.56,92.436,1279.0,342.0,447.0,23.73,76.27
78.0,557.0,Normal,100.0,819.0,67.3,24.0,11.52,10.0,0.0,0.0,87.6,2.0,2112.1,9.96,90.042,1369.0,674.0,474.0,42.29,57.71
78.0,547.0,Normal,100.0,817.0,54.2,24.0,11.37,10.0,0.0,0.0,70.2,3.0,2159.5,10.87,89.127,1525.0,624.0,441.0,44.16,55.84
78.0,547.0,Normal,100.0,819.0,66.0,24.0,11.47,10.0,0.0,0.0,51.4,2.0,1983.5,7.5,92.504,761.0,389.0,394.0,32.96,67.04
78.0,547.0,Normal,100.0,820.0,64.9,24.0,11.47,10.0,0.0,0.0,44.3,1.0,1978.5,7.48,92.517,745.0,390.0,393.0,33.05,66.95
78.0,547.0,Normal,100.0,819.0,55.2,24.0,11.36,10.0,0.0,0.0,128.9,3.0,2460.5,8.73,91.268,2905.0,243.0,365.0,21.95,78.05
78.0,547.0,Normal,100.0,821.0,66.8,24.0,11.52,10.0,0.0,0.0,95.0,4.0,2414.9,8.75,91.255,692.0,374.0,373.0,32.57,67.43
78.0,547.0,Normal,100.0,822.0,64.9,24.0,11.5,10.0,0.0,0.0,88.4,1.0,2310.0,8.84,91.157,604.0,381.0,374.0,33.29,66.71
78.0,547.0,Normal,100.0,819.0,58.5,24.0,11.35,10.0,0.0,0.0,129.5,1.0,2146.0,8.76,91.242,792.0,377.0,453.0,25.82,74.18
78.0,537.0,Normal,100.0,824.0,64.8,24.0,11.51,10.0,0.0,0.0,28.5,1.0,2473.3,7.07,92.93,1978.0,94.0,338.0,10.22,89.78
78.0,537.0,Normal,100.0,826.0,64.9,24.0,11.5,10.0,0.0,0.0,33.4,2.0,2475.5,7.06,92.939,1960.0,94.0,338.0,10.23,89.77
77.0,528.0,Normal,100.0,822.0,56.4,24.0,11.44,10.0,0.0,0.0,73.4,1.0,2144.1,8.36,91.638,1448.0,427.0,401.0,32.75,67.25
77.0,528.0,Normal,100.0,827.0,67.7,24.0,11.59,10.0,0.0,0.0,96.1,2.0,2341.4,9.2,90.805,1795.0,580.0,421.0,41.75,58.25
77.0,528.0,Normal,100.0,819.0,53.3,24.0,11.39,10.0,0.0,0.0,69.9,1.0,2181.1,7.2,92.795,839.0,372.0,417.0,28.58,71.42
77.0,528.0,Normal,100.0,820.0,63.7,24.0,11.49,10.0,0.0,0.0,78.3,2.0,2366.8,6.28,93.717,1245.0,251.0,396.0,19.69,80.31
77.0,528.0,Normal,100.0,821.0,63.3,24.0,11.49,10.0,0.0,0.0,67.6,2.0,2315.5,6.26,93.739,1145.0,248.0,396.0,19.58,80.42
77.0,528.0,Normal,100.0,819.0,56.7,24.0,11.38,10.0,0.0,0.0,72.7,1.0,2157.0,9.55,90.446,1162.0,514.0,423.0,37.64,62.36
77.0,538.0,Normal,100.0,823.0,65.6,24.0,11.53,10.0,0.0,0.0,108.6,1.0,2233.3,9.18,90.823,1252.0,449.0,391.0,37.13,62.87
77.0,538.0,Normal,100.0,820.0,56.5,24.0,11.41,10.0,0.0,0.0,80.3,1.0,2688.7,9.51,90.485,3623.0,160.0,345.0,16.23,83.77
77.0,538.0,Normal,100.0,821.0,65.0,24.0,11.53,10.0,0.0,0.0,134.6,2.0,2057.1,12.63,87.37,1158.0,673.0,422.0,47.91,52.09
77.0,538.0,Normal,100.0,822.0,65.2,24.0,11.53,10.0,0.0,0.0,133.2,2.0,2043.7,12.61,87.388,1123.0,669.0,422.0,47.74,52.26
77.0,538.0,Normal,100.0,822.0,57.6,24.0,11.5,10.0,0.0,0.0,98.1,2.0,2077.1,11.58,88.423,1538.0,760.0,449.0,54.04,45.96
77.0,538.0,Normal,100.0,824.0,68.9,24.0,11.68,10.0,0.0,0.0,117.3,2.0,2514.4,10.77,89.227,2342.0,208.0,375.0,18.52,81.48
77.0,528.0,Normal,100.0,823.0,55.4,24.0,11.51,10.0,0.0,0.0,115.4,1.0,2108.2,8.87,91.131,884.0,481.0,428.0,35.12,64.88
77.0,528.0,Normal,100.0,819.0,65.7,24.0,11.58,10.0,0.0,0.0,105.2,4.0,2282.6,8.05,91.95,1694.0,346.0,420.0,26.08,73.92
77.0,528.0,Normal,100.0,818.0,56.3,24.0,11.45,10.0,0.0,0.0,96.4,2.0,2502.5,15.06,84.93699999999998,2827.0,482.0,388.0,39.6,60.4
77.0,528.0,Normal,100.0,822.0,71.7,24.0,11.51,10.0,0.0,0.0,159.2,3.0,2154.5,20.86,79.14200000000001,1499.0,203.0,338.0,20.55,79.45
77.0,538.0,Normal,100.0,822.0,57.8,24.0,11.39,10.0,0.0,0.0,96.3,2.0,3108.2,19.46,80.54100000000001,4953.0,305.0,342.0,28.69,71.31
77.0,538.0,Normal,100.0,826.0,68.1,24.0,11.64,10.0,0.0,0.0,115.6,2.0,2721.5,9.21,90.787,2209.0,282.0,387.0,33.29,66.71
77.0,538.0,Normal,100.0,827.0,66.0,24.0,11.64,10.0,0.0,0.0,110.0,2.0,2687.9,9.06,90.942,2065.0,274.0,382.0,32.44,67.56
77.0,538.0,Normal,100.0,820.0,53.8,24.0,11.42,10.0,0.0,0.0,90.5,4.0,3259.9,15.6,84.40299999999999,4282.0,112.0,338.0,11.59,88.41
77.0,538.0,Normal,100.0,825.0,64.3,24.0,11.61,10.0,0.0,0.0,27.7,1.0,2493.0,7.79,92.209,1659.0,172.0,444.0,26.79,73.21
77.0,538.0,Normal,100.0,825.0,56.8,24.0,11.54,10.0,0.0,0.0,87.6,1.0,3176.9,15.75,84.247,3857.0,112.0,338.0,11.35,88.65
77.0,548.0,Normal,100.0,829.0,64.0,24.0,11.74,10.0,0.0,0.0,75.6,3.0,2478.3,10.08,89.91599999999998,2483.0,482.0,707.0,37.07,62.93
77.0,548.0,Normal,100.0,830.0,63.6,24.0,11.74,10.0,0.0,0.0,79.3,3.0,2471.5,10.04,89.95599999999999,2413.0,481.0,713.0,36.59,63.41
77.0,548.0,Normal,100.0,820.0,55.4,24.0,11.42,10.0,0.0,0.0,124.9,3.0,3160.5,18.94,81.056,4186.0,242.0,338.0,23.37,76.63
77.0,548.0,Normal,100.0,824.0,68.5,24.0,11.68,10.0,0.0,0.0,90.3,2.0,2454.9,9.54,90.455,1716.0,258.0,369.0,32.33,67.67
76.0,538.0,Normal,100.0,822.0,56.6,24.0,11.5,10.0,0.0,0.0,38.6,2.0,3313.8,14.49,85.50699999999999,3986.0,76.0,375.0,7.46,92.54
76.0,538.0,Normal,100.0,826.0,69.3,24.0,11.74,10.0,0.0,0.0,32.2,2.0,2603.9,12.67,87.33200000000001,2594.0,696.0,531.0,54.12,45.88
76.0,538.0,Normal,100.0,827.0,66.9,24.0,11.7,10.0,0.0,0.0,32.6,3.0,2583.7,12.66,87.342,2494.0,698.0,533.0,53.75,46.25
76.0,538.0,Normal,100.0,821.0,56.9,24.0,11.54,10.0,0.0,0.0,67.4,1.0,3313.6,18.12,81.88000000000001,3872.0,261.0,376.0,21.86,78.14
76.0,538.0,Normal,100.0,826.0,68.6,24.0,11.63,10.0,0.0,0.0,128.2,3.0,2685.3,9.84,90.159,1662.0,336.0,359.0,41.26,58.74
76.0,548.0,Normal,100.0,822.0,55.8,24.0,11.46,10.0,0.0,0.0,87.2,1.0,3197.3,18.42,81.57700000000001,4790.0,416.0,399.0,32.38,67.62
76.0,548.0,Normal,100.0,831.0,67.4,24.0,11.74,10.0,0.0,0.0,95.4,3.0,2501.5,12.62,87.376,3113.0,775.0,507.0,56.29,43.71
76.0,548.0,Normal,100.0,823.0,56.1,24.0,11.46,10.0,0.0,0.0,95.6,2.0,3275.8,17.89,82.107,5083.0,141.0,375.0,12.83,87.17
76.0,548.0,Normal,100.0,827.0,69.5,24.0,11.67,10.0,0.0,0.0,84.0,3.0,2506.7,8.85,91.148,2094.0,500.0,941.0,30.87,69.13
76.0,548.0,Normal,100.0,828.0,66.4,24.0,11.67,10.0,0.0,0.0,88.1,3.0,2500.6,8.79,91.209,1954.0,485.0,904.0,30.22,69.78
76.0,548.0,Normal,100.0,819.0,56.7,24.0,11.45,10.0,0.0,0.0,105.4,1.0,3144.4,18.09,81.907,4577.0,453.0,387.0,37.06,62.94
76.0,558.0,Normal,100.0,823.0,64.6,24.0,11.68,10.0,0.0,0.0,99.0,3.0,2450.8,7.24,92.758,1694.0,333.0,452.0,35.3,64.7
76.0,558.0,Normal,100.0,824.0,64.8,24.0,11.67,10.0,0.0,0.0,100.3,3.0,2444.3,7.15,92.846,1624.0,327.0,451.0,34.9,65.1
76.0,558.0,Normal,100.0,819.0,53.8,24.0,11.51,10.0,0.0,0.0,51.1,1.0,3110.7,19.07,80.92999999999999,4825.0,472.0,413.0,36.99,63.01
76.0,558.0,Normal,100.0,823.0,65.6,24.0,11.68,10.0,0.0,0.0,117.5,2.0,2573.5,8.97,91.028,2088.0,403.0,455.0,37.66,62.34
76.0,558.0,Normal,100.0,824.0,66.8,24.0,11.67,10.0,0.0,0.0,119.2,3.0,2551.3,8.93,91.075,2004.0,401.0,455.0,37.26,62.74
76.0,558.0,Normal,100.0,819.0,55.3,24.0,11.45,10.0,0.0,0.0,70.2,2.0,3236.2,21.37,78.62799999999999,5695.0,342.0,392.0,27.87,72.13
76.0,558.0,Normal,100.0,828.0,66.8,24.0,12.09,10.0,0.0,0.0,75.5,3.0,2401.8,9.71,90.292,1573.0,199.0,357.0,26.27,73.73
76.0,601.0,Normal,100.0,825.0,57.6,24.0,11.91,10.0,0.0,0.0,100.5,2.0,3301.5,16.86,83.138,3565.0,136.0,338.0,14.51,85.49
76.0,601.0,Normal,100.0,829.0,70.2,24.0,12.08,10.0,0.0,0.0,58.9,2.0,2653.7,7.13,92.869,1516.0,78.0,354.0,20.86,79.14
76.0,601.0,Normal,100.0,830.0,68.1,24.0,12.08,10.0,0.0,0.0,69.5,2.0,2593.0,6.77,93.229,1252.0,72.0,339.0,18.38,81.62
76.0,601.0,Normal,100.0,825.0,54.7,24.0,11.8,10.0,0.0,0.0,32.5,2.0,3277.4,15.0,85.002,3529.0,40.0,338.0,6.0,94.0
76.0,601.0,Normal,100.0,831.0,64.6,24.0,12.08,10.0,0.0,0.0,45.2,3.0,2618.3,5.36,94.639,1376.0,109.0,338.0,22.61,77.39
76.0,601.0,Normal,100.0,829.0,63.9,24.0,12.08,10.0,0.0,0.0,42.1,2.0,2662.9,5.38,94.624,1341.0,110.0,338.0,22.4,77.6
76.0,611.0,Normal,100.0,820.0,56.1,24.0,11.88,10.0,0.0,0.0,62.4,2.0,3316.8,18.89,81.111,4339.0,201.0,338.0,20.59,79.41
76.0,611.0,Normal,100.0,824.0,67.3,24.0,12.01,10.0,0.0,0.0,122.1,2.0,2925.2,10.96,89.03599999999999,1895.0,440.0,614.0,38.97,61.03
76.0,611.0,Normal,100.0,825.0,67.6,24.0,12.01,10.0,0.0,0.0,123.0,3.0,2923.4,10.91,89.09100000000001,1845.0,439.0,613.0,38.69,61.31
76.0,611.0,Normal,100.0,822.0,57.0,24.0,11.82,10.0,0.0,0.0,80.9,2.0,3177.2,16.13,83.872,3426.0,48.0,338.0,5.41,94.59
76.0,611.0,Normal,100.0,826.0,67.5,24.0,12.1,10.0,0.0,0.0,53.5,2.0,2394.4,7.12,92.884,1553.0,49.0,341.0,17.01,82.99
76.0,611.0,Normal,100.0,827.0,67.7,24.0,12.1,10.0,0.0,0.0,56.5,2.0,2354.6,6.95,93.046,1404.0,46.0,341.0,15.74,84.26
76.0,611.0,Normal,100.0,822.0,57.5,24.0,11.89,10.0,0.0,0.0,75.1,2.0,3185.4,16.67,83.33399999999999,3995.0,95.0,393.0,9.06,90.94
76.0,611.0,Normal,100.0,826.0,64.6,24.0,12.15,10.0,0.0,0.0,93.4,2.0,3101.3,19.21,80.79400000000001,5362.0,398.0,482.0,39.47,60.53
75.0,611.0,Normal,100.0,828.0,56.4,24.0,12.07,10.0,0.0,0.0,100.4,1.0,2858.7,14.33,85.672,4189.0,386.0,983.0,25.58,74.42
75.0,611.0,Normal,100.0,825.0,66.6,24.0,11.74,10.0,0.0,0.0,25.2,1.0,3324.1,27.64,72.364,6790.0,117.0,338.0,13.16,86.84
75.0,611.0,Normal,100.0,826.0,62.0,24.0,11.73,10.0,0.0,0.0,21.1,1.0,3326.2,27.8,72.2,6858.0,117.0,338.0,13.22,86.78
